<?xml version="1.0" encoding="UTF-8"?>
<beans xmlns="http://www.springframework.org/schema/beans"
       xmlns:xsi="http://www.w3.org/2001/XMLSchema-instance"
       xmlns:context="http://www.springframework.org/schema/context" 
       xmlns:util="http://www.springframework.org/schema/util"
       xmlns:camel="http://camel.apache.org/schema/spring"
       xmlns:p="http://www.springframework.org/schema/p"
       xsi:schemaLocation="http://camel.apache.org/schema/spring http://camel.apache.org/schema/spring/camel-spring.xsd
       http://www.springframework.org/schema/beans http://www.springframework.org/schema/beans/spring-beans.xsd                              
       http://www.springframework.org/schema/context            http://www.springframework.org/schema/context/spring-context.xsd 
       http://www.springframework.org/schema/util http://www.springframework.org/schema/util/spring-util.xsd">
	 
	<bean id="abstractJacksonObjectMapper" 
          class="org.springframework.beans.factory.config.MethodInvokingFactoryBean"
          p:targetMethod="registerModule">
        <property name="targetObject">
            <bean class="org.springframework.http.converter.json.Jackson2ObjectMapperFactoryBean"
                  p:indentOutput="true" 
                  p:simpleDateFormat="yyyy-MM-dd'T'HH:mm:ss.SSSZ">
                <property name="featuresToDisable">
                    <util:constant static-field="com.fasterxml.jackson.databind.DeserializationFeature.FAIL_ON_UNKNOWN_PROPERTIES" />
                </property>
            </bean>
        </property>
        <property name="arguments">
            <list>
                <bean class="com.fasterxml.jackson.datatype.joda.JodaModule" />
            </list>
        </property>
    </bean>
    
    <bean id="engineJacksonObjectMapper" parent="abstractJacksonObjectMapper" />

</beans>