<?xml version="1.0" encoding="UTF-8"?>
<beans xmlns="http://www.springframework.org/schema/beans"
	xmlns:xsi="http://www.w3.org/2001/XMLSchema-instance"
	xmlns:context="http://www.springframework.org/schema/context"
	xmlns:tx="http://www.springframework.org/schema/tx"
    xmlns:rabbit="http://www.springframework.org/schema/rabbit"
	xsi:schemaLocation="http://www.springframework.org/schema/beans
         http://www.springframework.org/schema/beans/spring-beans.xsd
         http://www.springframework.org/schema/context 
         http://www.springframework.org/schema/context/spring-context.xsd
         http://www.springframework.org/schema/tx 
         http://www.springframework.org/schema/tx/spring-tx.xsd
         http://www.springframework.org/schema/rabbit 
         http://www.springframework.org/schema/rabbit/spring-rabbit-1.6.xsd">

   <bean id="engineIdentityRequestSender"
		class="org.osanchezhuerta.eventscheduling.engine.soa.services.producer.impl.EngineIdentityRequestSenderImpl">
		<property name="amqpTemplate" ref="engineAmqpTemplate" />
		<property name="routingKey" value="engineIdentityRequestQueueKey" />
		<property name="exchange" value="engineIdentityRequestExchange" />
	</bean>

   <bean id="engineIdentityReplySender"
		class="org.osanchezhuerta.eventscheduling.engine.soa.services.producer.impl.EngineIdentityRequestSenderImpl">
		<property name="amqpTemplate" ref="engineAmqpTemplate" />
		<property name="routingKey" value="engineIdentityReplyQueueKey" />
		<property name="exchange" value="engineIdentityReplyExchange" />
	</bean>
	
   <bean id="engineIdentityErrorSender"
		class="org.osanchezhuerta.eventscheduling.engine.soa.services.producer.impl.EngineIdentityRequestSenderImpl">
		<property name="amqpTemplate" ref="engineAmqpTemplate" />
		<property name="routingKey" value="engineIdentityErrorQueueKey" />
		<property name="exchange" value="engineIdentityErrorExchange" />

	</bean>
	
   <bean id="engineIdentityDlqSender"
		class="org.osanchezhuerta.eventscheduling.engine.soa.services.producer.impl.EngineIdentityRequestSenderImpl">
		<property name="amqpTemplate" ref="engineAmqpTemplate" />
		<property name="routingKey" value="engineIdentityDlqQueueKey" />
		<property name="exchange" value="engineIdentityDlqExchange" />

	</bean>
</beans>