<?xml version="1.0" encoding="UTF-8"?>
<beans xmlns="http://www.springframework.org/schema/beans"
	xmlns:xsi="http://www.w3.org/2001/XMLSchema-instance"
	xmlns:context="http://www.springframework.org/schema/context"
	xmlns:tx="http://www.springframework.org/schema/tx"
    xmlns:rabbit="http://www.springframework.org/schema/rabbit"
	xsi:schemaLocation="http://www.springframework.org/schema/beans
         http://www.springframework.org/schema/beans/spring-beans.xsd
         http://www.springframework.org/schema/context 
         http://www.springframework.org/schema/context/spring-context.xsd
         http://www.springframework.org/schema/tx 
         http://www.springframework.org/schema/tx/spring-tx.xsd
         http://www.springframework.org/schema/rabbit 
         http://www.springframework.org/schema/rabbit/spring-rabbit-1.6.xsd">

<bean id="engineIdentityRequestListener"
class="org.osanchezhuerta.eventscheduling.engine.soa.services.consumer.impl.EngineIdentityRequestListener">
</bean>

<bean id="engineIdentityReplyListener"
class="org.osanchezhuerta.eventscheduling.engine.soa.services.consumer.impl.EngineIdentityReplyListener">
</bean>

<bean id="engineIdentityErrorListener"
class="org.osanchezhuerta.eventscheduling.engine.soa.services.consumer.impl.EngineIdentityErrorListener">
</bean>

<bean id="engineIdentityDlqListener"
class="org.osanchezhuerta.eventscheduling.engine.soa.services.consumer.impl.EngineIdentityDlqListener">
</bean>
</beans>