<?xml version="1.0" encoding="UTF-8"?>
<beans xmlns="http://www.springframework.org/schema/beans"
	xmlns:xsi="http://www.w3.org/2001/XMLSchema-instance"
	xmlns:context="http://www.springframework.org/schema/context"
	xmlns:tx="http://www.springframework.org/schema/tx"
    xmlns:rabbit="http://www.springframework.org/schema/rabbit"
	xsi:schemaLocation="http://www.springframework.org/schema/beans
         http://www.springframework.org/schema/beans/spring-beans.xsd
         http://www.springframework.org/schema/context 
         http://www.springframework.org/schema/context/spring-context.xsd
         http://www.springframework.org/schema/tx 
         http://www.springframework.org/schema/tx/spring-tx.xsd
         http://www.springframework.org/schema/rabbit 
         http://www.springframework.org/schema/rabbit/spring-rabbit-1.6.xsd">

    <rabbit:direct-exchange name="engineIdentityRequestExchange"  
        durable="true" auto-delete="false" id="engineIdentityRequestExchange">  
        <rabbit:bindings>  
            <rabbit:binding queue="engineIdentityRequestQueue" key="engineIdentityRequestQueueKey" />  
        </rabbit:bindings>  
    </rabbit:direct-exchange>  
    
    <rabbit:direct-exchange name="engineIdentityReplyExchange"  
        durable="true" auto-delete="false" id="engineIdentityRequestExchange">  
        <rabbit:bindings>  
            <rabbit:binding queue="engineIdentityReplyQueue" key="engineIdentityReplyQueueKey" />  
        </rabbit:bindings>  
    </rabbit:direct-exchange>  
    
    <rabbit:direct-exchange name="engineIdentityReplyExchange"  
        durable="true" auto-delete="false" id="engineIdentityReplyExchange">  
        <rabbit:bindings>  
            <rabbit:binding queue="engineIdentityReplyQueue" key="engineIdentityReplyQueueKey" />  
        </rabbit:bindings>  
    </rabbit:direct-exchange>  
 
     <rabbit:direct-exchange name="engineIdentityDlqExchange"  
        durable="true" auto-delete="false" id="engineIdentityDlqExchange">  
        <rabbit:bindings>  
            <rabbit:binding queue="engineIdentityDlqQueue" key="engineIdentityDlqQueueKey" />  
        </rabbit:bindings>  
    </rabbit:direct-exchange>  

</beans>