<?xml version="1.0" encoding="UTF-8"?>
<beans xmlns="http://www.springframework.org/schema/beans"
	xmlns:xsi="http://www.w3.org/2001/XMLSchema-instance"
	xmlns:context="http://www.springframework.org/schema/context"
	xmlns:tx="http://www.springframework.org/schema/tx"
    xmlns:rabbit="http://www.springframework.org/schema/rabbit"
	xsi:schemaLocation="http://www.springframework.org/schema/beans
         http://www.springframework.org/schema/beans/spring-beans-3.0.xsd
         http://www.springframework.org/schema/context 
         http://www.springframework.org/schema/context/spring-context-3.0.xsd
         http://www.springframework.org/schema/tx 
         http://www.springframework.org/schema/tx/spring-tx-3.0.xsd">

 <bean id="engineRedisConnectionFactory" class="org.springframework.data.redis.connection.jedis.JedisConnectionFactory">
    <property name="host-name" value="localhost"/>
    <property name="port" value="6379"/>
    <property name="password" value=""/>
  </bean>

 <bean id="engineRedisTemplate" class="org.springframework.data.redis.core.RedisTemplate">
  <property name="connection-factory-ref" ref="connectionFactory"/>
  </bean>


</beans>